{
  "battle_won_mean": [
    0.0,
    0.0,
    0.0,
    0.0,
    0.0,
    0.0,
    0.0,
    0.0,
    0.0,
    0.0
  ],
  "battle_won_mean_T": [
    16,
    2027,
    4038,
    6046,
    8057,
    10057,
    12067,
    14070,
    16070,
    18073
  ],
  "dead_allies_mean": [
    3.0,
    2.983739837398374,
    2.9661016949152543,
    2.9926470588235294,
    2.9925373134328357,
    3.0,
    3.0,
    2.993006993006993,
    3.0,
    3.0
  ],
  "dead_allies_mean_T": [
    16,
    2027,
    4038,
    6046,
    8057,
    10057,
    12067,
    14070,
    16070,
    18073
  ],
  "dead_enemies_mean": [
    0.0,
    0.0,
    0.0,
    0.0,
    0.007462686567164179,
    0.006993006993006993,
    0.0,
    0.0,
    0.033783783783783786,
    0.033783783783783786
  ],
  "dead_enemies_mean_T": [
    16,
    2027,
    4038,
    6046,
    8057,
    10057,
    12067,
    14070,
    16070,
    18073
  ],
  "ep_length_mean": [
    16.0,
    16.349593495934958,
    17.04237288135593,
    14.764705882352942,
    15.007462686567164,
    13.986013986013987,
    14.25531914893617,
    14.006993006993007,
    13.513513513513514,
    13.533783783783784
  ],
  "ep_length_mean_T": [
    16,
    2027,
    4038,
    6046,
    8057,
    10057,
    12067,
    14070,
    16070,
    18073
  ],
  "episode": [
    123,
    241,
    377,
    511,
    655,
    796,
    939,
    1087,
    1235
  ],
  "episode_T": [
    2013,
    4025,
    6030,
    8041,
    10057,
    12067,
    14070,
    16070,
    18073
  ],
  "epsilon": [
    1.0,
    0.961753,
    0.923525,
    0.88543,
    0.847221,
    0.809297,
    0.7709360000000001,
    0.7328600000000001,
    0.694898,
    0.65686
  ],
  "epsilon_T": [
    16,
    2027,
    4038,
    6046,
    8057,
    10057,
    12067,
    14070,
    16070,
    18073
  ],
  "grad_norm": [
    {
      "py/reduce": [
        {
          "py/function": "torch._utils._rebuild_tensor_v2"
        },
        {
          "py/tuple": [
            {
              "py/reduce": [
                {
                  "py/function": "torch.storage._load_from_bytes"
                },
                {
                  "py/tuple": [
                    {
                      "py/b64": "gAKKCmz8nEb5IGqoUBkugAJN6QMugAJ9cQAoWBAAAABwcm90b2NvbF92ZXJzaW9ucQFN6QNYDQAAAGxpdHRsZV9lbmRpYW5xAohYCgAAAHR5cGVfc2l6ZXNxA31xBChYBQAAAHNob3J0cQVLAlgDAAAAaW50cQZLBFgEAAAAbG9uZ3EHSwR1dS6AAihYBwAAAHN0b3JhZ2VxAGN0b3JjaApGbG9hdFN0b3JhZ2UKcQFYDwAAADEwNTU1MzEyMjA1Mjg0OHECWAMAAABjcHVxA0sBTnRxBFEugAJdcQBYDwAAADEwNTU1MzEyMjA1Mjg0OHEBYS4BAAAAAAAAAFg/iT4="
                    }
                  ]
                }
              ]
            },
            0,
            {
              "py/tuple": []
            },
            {
              "py/tuple": []
            },
            false,
            {
              "py/reduce": [
                {
                  "py/type": "collections.OrderedDict"
                },
                {
                  "py/tuple": []
                },
                null,
                null,
                {
                  "py/tuple": []
                }
              ]
            }
          ]
        }
      ]
    },
    {
      "py/reduce": [
        {
          "py/function": "torch._utils._rebuild_tensor_v2"
        },
        {
          "py/tuple": [
            {
              "py/reduce": [
                {
                  "py/function": "torch.storage._load_from_bytes"
                },
                {
                  "py/tuple": [
                    {
                      "py/b64": "gAKKCmz8nEb5IGqoUBkugAJN6QMugAJ9cQAoWBAAAABwcm90b2NvbF92ZXJzaW9ucQFN6QNYDQAAAGxpdHRsZV9lbmRpYW5xAohYCgAAAHR5cGVfc2l6ZXNxA31xBChYBQAAAHNob3J0cQVLAlgDAAAAaW50cQZLBFgEAAAAbG9uZ3EHSwR1dS6AAihYBwAAAHN0b3JhZ2VxAGN0b3JjaApGbG9hdFN0b3JhZ2UKcQFYDwAAADEwNTU1MzEyMjExMjk2MHECWAMAAABjcHVxA0sBTnRxBFEugAJdcQBYDwAAADEwNTU1MzEyMjExMjk2MHEBYS4BAAAAAAAAAIN9SD0="
                    }
                  ]
                }
              ]
            },
            0,
            {
              "py/tuple": []
            },
            {
              "py/tuple": []
            },
            false,
            {
              "py/reduce": [
                {
                  "py/type": "collections.OrderedDict"
                },
                {
                  "py/tuple": []
                },
                null,
                null,
                {
                  "py/tuple": []
                }
              ]
            }
          ]
        }
      ]
    },
    {
      "py/reduce": [
        {
          "py/function": "torch._utils._rebuild_tensor_v2"
        },
        {
          "py/tuple": [
            {
              "py/reduce": [
                {
                  "py/function": "torch.storage._load_from_bytes"
                },
                {
                  "py/tuple": [
                    {
                      "py/b64": "gAKKCmz8nEb5IGqoUBkugAJN6QMugAJ9cQAoWBAAAABwcm90b2NvbF92ZXJzaW9ucQFN6QNYDQAAAGxpdHRsZV9lbmRpYW5xAohYCgAAAHR5cGVfc2l6ZXNxA31xBChYBQAAAHNob3J0cQVLAlgDAAAAaW50cQZLBFgEAAAAbG9uZ3EHSwR1dS6AAihYBwAAAHN0b3JhZ2VxAGN0b3JjaApGbG9hdFN0b3JhZ2UKcQFYDwAAADEwNTU1MzEyMjE3NTUzNnECWAMAAABjcHVxA0sBTnRxBFEugAJdcQBYDwAAADEwNTU1MzEyMjE3NTUzNnEBYS4BAAAAAAAAAEn4Aj4="
                    }
                  ]
                }
              ]
            },
            0,
            {
              "py/tuple": []
            },
            {
              "py/tuple": []
            },
            false,
            {
              "py/reduce": [
                {
                  "py/type": "collections.OrderedDict"
                },
                {
                  "py/tuple": []
                },
                null,
                null,
                {
                  "py/tuple": []
                }
              ]
            }
          ]
        }
      ]
    },
    {
      "py/reduce": [
        {
          "py/function": "torch._utils._rebuild_tensor_v2"
        },
        {
          "py/tuple": [
            {
              "py/reduce": [
                {
                  "py/function": "torch.storage._load_from_bytes"
                },
                {
                  "py/tuple": [
                    {
                      "py/b64": "gAKKCmz8nEb5IGqoUBkugAJN6QMugAJ9cQAoWBAAAABwcm90b2NvbF92ZXJzaW9ucQFN6QNYDQAAAGxpdHRsZV9lbmRpYW5xAohYCgAAAHR5cGVfc2l6ZXNxA31xBChYBQAAAHNob3J0cQVLAlgDAAAAaW50cQZLBFgEAAAAbG9uZ3EHSwR1dS6AAihYBwAAAHN0b3JhZ2VxAGN0b3JjaApGbG9hdFN0b3JhZ2UKcQFYDwAAADEwNTU1MzEyMjAzODIyNHECWAMAAABjcHVxA0sBTnRxBFEugAJdcQBYDwAAADEwNTU1MzEyMjAzODIyNHEBYS4BAAAAAAAAAKXqkj0="
                    }
                  ]
                }
              ]
            },
            0,
            {
              "py/tuple": []
            },
            {
              "py/tuple": []
            },
            false,
            {
              "py/reduce": [
                {
                  "py/type": "collections.OrderedDict"
                },
                {
                  "py/tuple": []
                },
                null,
                null,
                {
                  "py/tuple": []
                }
              ]
            }
          ]
        }
      ]
    },
    {
      "py/reduce": [
        {
          "py/function": "torch._utils._rebuild_tensor_v2"
        },
        {
          "py/tuple": [
            {
              "py/reduce": [
                {
                  "py/function": "torch.storage._load_from_bytes"
                },
                {
                  "py/tuple": [
                    {
